Name,Size,Modified
file-001-nbt98v1cbr.html,2KB,20.11.2025 08:39:00
file-002-42bdrywa7b.html,2KB,20.11.2025 08:40:27
file-003-0oigs5b6y4.html,2KB,20.11.2025 08:54:11
file-004-jz963bmbv6.html,2KB,20.11.2025 08:55:09
file-005-c2rs3pzd8s.html,2KB,20.11.2025 08:55:59
file-006-cvm9811n77.html,1KB,20.11.2025 08:56:11
file-007-2xuz284hdu.html,1KB,20.11.2025 08:23:26
file-008-6jdd206ucj.html,1KB,20.11.2025 08:23:26
file-009-i3oyfs4iub.html,1KB,20.11.2025 08:23:26
file-010-203zcyn3rh.html,1KB,20.11.2025 08:23:26
index.html,3KB,20.11.2025 09:00:37
reset.css,2KB,20.11.2025 08:35:50
script.js,8KB,20.11.2025 08:52:30
style.css,1KB,20.11.2025 08:36:44
